stop_id,stop_name,lat,lon,direction
1_103,Spring St & 8th Ave,47.608528,-122.329239,NE
1_12170,S Mcclellan St & 31st Ave S,47.578278,-122.292496,E
1_46570,NE 10th St & Index Ave NE,47.499412,-122.179878,SE
1_46791,Vashon Hwy SW & SW 204th St,47.423187,-122.460396,N
1_51740,9th Ave SW & SW Trenton St,47.524971,-122.346642,N
1_76317,102nd Ave NE & Main St,47.759716,-122.203621,NW
1_28370,NW 36th St & 1st Ave NW,47.653156,-122.358185,W
1_481,3rd Ave & Columbia St,47.604263,-122.332901,SE
1_70694,NE 80th St & 120th Ave NE,47.675358,-122.180016,E
1_6650,Greenwood Ave N & N 87th St,47.692844,-122.355225,N
1_55812,Martin L King Jr Way S & S Andover St,47.568226,-122.296677,N
1_71480,West Lake Sammamish Pkwy NE & NE 27th St,47.634544,-122.091568,NW
1_77930,15th Ave NE & NE Perkins Way,47.765587,-122.313774,N
1_85800,N 205th St & 1st Ave NE,47.777702,-122.330238,W
1_55290,S Leo St & Beacon Ave S,47.502556,-122.269508,E
1_22196,Delridge Way SW & SW Thistle St,47.527512,-122.360359,N
1_84068,NE Woodinville Duvall Rd & Mink Rd NE,47.754986,-122.062263,W
1_5830,Greenwood Ave N & N 76th St,47.683762,-122.3554,S
1_8310,Rainier Ave S & S Alaska St,47.561127,-122.287209,NW
1_51551,Ambaum Blvd SW & SW 122nd St,47.493446,-122.35006,S
1_62212,E Smith St & Jason Ave N,47.38345,-122.226105,W
1_74871,NW Richmond Beach Rd & 15th Ave NW,47.769123,-122.375618,NW
1_29217,NW Market St & 11th Ave NW,47.668594,-122.370453,E
1_56874,169th Ave SE & SE 142nd St,47.475697,-122.115105,N
1_10950,10th Ave E & E Miller St,47.641163,-122.32016,S
1_4290,Taylor Ave N & Galer St,47.632507,-122.345863,N
1_75350,N 145th St & Courtland Pl N,47.734203,-122.338013,W
1_67200,164th Ave SE & SE 2nd St,47.607906,-122.121208,N
1_52638,S 188th St & 42nd Ave S,47.434471,-122.282249,W
1_11870,S Jackson St & 30th Ave S,47.599251,-122.29364,W
1_26560,Westlake Ave N & Crockett St,47.638069,-122.340935,SE
1_55711,Martin L King Jr Way S & 37th Ave S,47.548397,-122.286484,NW
1_73945,NE Redmond Way & 145th Ave NE,47.674892,-122.146477,E
1_60161,SE 177th St & 140th Ave SE,47.443913,-122.152382,W
1_970,Stewart St & 4th Ave,47.611992,-122.339272,SW
1_55370,59th Ave S & S Wallace St,47.497334,-122.259712,S
1_69430,Lake Washington Blvd NE & NE 46th St,47.651611,-122.20417,N
1_74455,Northup Way & NE 28th St,47.635303,-122.189758,SE
1_51930,9th Ave SW & SW Elmgrove St,47.529896,-122.346863,S
1_24430,28th Ave W & W Ruffner St,47.652004,-122.392982,S
1_8541,S Jackson St & 12th Ave S,47.599129,-122.317642,E
1_60360,S 43rd St & Talbot Rd S,47.441181,-122.213249,W
1_58400,K St SE & 18th St SE,47.292747,-122.216133,S
1_12770,23rd Ave & E Cherry St,47.607712,-122.302879,S
1_77510,15th Ave NE & NE 168th St,47.749981,-122.313316,S
1_61790,SW 312th St & 6th Pl SW,47.322803,-122.342789,W
1_26460,N 35th St & Woodlawn Ave N,47.649281,-122.339073,W
1_69320,Bellevue Way NE & NE 12th St,47.621735,-122.201584,N
1_30790,15th Ave S & S Dakota St,47.566994,-122.313576,S
1_31270,22nd Ave W & W Barrett St,47.646347,-122.384758,S
1_56875,169th Ave SE & SE 140th St,47.477474,-122.115143,N
1_10100,NE Ravenna Blvd & Park Rd NE,47.669552,-122.305405,W
1_64398,Railroad Ave SE & Snoqualmie Pkwy,47.536297,-121.830978,SE
1_9750,Sand Point Way NE & NE 115th St,47.712372,-122.281921,SE
1_23220,5th Ave NE & NE 112th St,47.709789,-122.323425,S
1_49588,8th Ave SW & SW 99th St,47.515499,-122.345169,N
1_23030,35th Ave SW & SW Thistle St,47.528038,-122.37674,S
1_65252,Newcastle Way & Coal Creek Pkwy SE,47.537502,-122.164062,E
1_22470,35th Ave SW & SW 114th St,47.50124,-122.376053,N
1_80692,Interurban Ave S & S 147th St,47.4716,-122.254463,NW
1_76009,NE 195th St & 120th Ave NE,47.769123,-122.182869,W
1_81841,SE Black Nugget Rd & SE Issaquah Fall City Rd,47.549068,-122.029655,SW
1_75890,Aurora Ave N & N 180th St,47.759964,-122.345894,N
1_77086,NE Woodinville Duvall Rd & NE North Woodinville Way,47.764195,-122.142723,NE
1_60120,SE 164th St & 131st Ave SE,47.456299,-122.165672,E
1_10020,NE 55th St & 37th Ave NE,47.668579,-122.2883,W
1_6800,Greenwood Ave N & N 125th St,47.720032,-122.355438,N
1_22430,Marine View Dr SW & SW 112th St,47.502823,-122.380943,S
1_49150,8th Ave S & S 194th St,47.428413,-122.324814,N
1_55230,51st Ave S & S Bond St,47.51408,-122.270149,S
1_30510,15th Ave S & S Dakota St,47.567486,-122.313354,N
1_77752,NE 175th St & 10th Ave NE,47.755741,-122.319191,E
1_84372,E Valley Hwy & S 187th St,47.434906,-122.226379,NE
1_60453,Lake Meridian Park And Ride,47.361057,-122.166191,N
1_23831,5th Ave NE & NE 123rd St,47.717838,-122.323448,N
1_74268,124th Ave NE & NE 120th St,47.706986,-122.175812,S
1_60489,SE 272nd St & 132nd Ave SE,47.357929,-122.162895,E
1_51651,15th Ave SW & SW 102nd St,47.511711,-122.353775,N
1_320,2nd Ave & Seneca St,47.606213,-122.336205,SE
1_12220,42nd Ave E & E Lynn St,47.638863,-122.278534,S
1_46565,NE Sunset Blvd & NE 10th St,47.500584,-122.179848,NE
1_17651,Wallingford Ave N & N 85th St,47.690922,-122.336342,N
1_63595,Island Crest Way & SE 54th St,47.55405,-122.221695,S
1_82760,112th Ave SE & SE 4th St,47.604301,-122.190834,S
1_57112,SE 240th St & 127th Pl SE,47.386848,-122.170135,E
1_63714,77th Ave SE & SE 27th St,47.587002,-122.234917,N
1_64569,NW Maple St & 12th Ave NW,47.542904,-122.056557,E
1_7790,Aurora Ave N & N 100th St,47.701675,-122.34449,N
1_68784,156th Ave NE & NE 28th St,47.635368,-122.132256,N
1_81205,2nd St SE & B St SE,47.305607,-122.227104,E
1_74327,124th Ave NE & NE 100th St,47.689343,-122.17585,S
1_73562,NE 116th St & 176th Pl NE,47.70372,-122.106239,E
1_575,3rd Ave & Pike St,47.609642,-122.337585,NW
1_60148,SE 176th St & 151st Ave SE,47.445015,-122.140564,W
1_13830,15th Ave W & W Wheeler St,47.640183,-122.376312,S
1_2850,Madrona Park & Lake Washington Blvd,47.61219,-122.2817,NW
1_77910,15th Ave NE & NE 180th St,47.759666,-122.313339,N
1_31620,East Marginal Way S & S Norfolk St,47.5131,-122.294243,NW
1_35334,NE Northgate Way & 19th Ave NE,47.70842,-122.307823,E
1_61467,9th Ave S & S 348th St,47.29052,-122.322861,N
1_15040,SW Admiral Way & 47th Ave SW,47.581158,-122.391571,E
1_8080,Rainier Ave S & S Fisher Pl,47.521328,-122.269897,N
1_18000,32nd Ave NW & NW 75th St,47.68288,-122.398514,S
1_58570,Griffin Ave & Florence St,47.206646,-122.003166,W
1_46505,N 10th St & Park Ave N,47.498085,-122.201218,W
1_74347,124th Ave NE & NE 100th St,47.68996,-122.175629,N
1_29423,Brooklyn Ave NE & NE Pacific St,47.653351,-122.314392,N
1_48620,1st Ave S & SW 178th St,47.443611,-122.334267,S
1_40802,East Marginal Way S & S Hudson St,47.55769,-122.339066,N
1_70587,7th Ave & 6th St,47.680641,-122.196625,W
1_74980,3rd Ave NW & NW 195th St,47.770092,-122.361305,S
1_40060,Holman Rd N & Greenwood Ave N,47.704659,-122.356094,NE
1_89990,N 200th St & Burke Ave N,47.774101,-122.336906,E
1_79871,SE 37th St & 150th Ave SE,47.577496,-122.136765,N
1_47660,SW 150th St & 6th Ave SW,47.468556,-122.341354,E
1_280,2nd Ave & Stewart St,47.610615,-122.340248,SE
1_46660,Union Ave NE & NE 10th St,47.499245,-122.164635,S
1_50290,8th Ave S & S 194th St,47.428917,-122.32502,S
1_31680,S Cloverdale St & 12th Ave S,47.52652,-122.318123,W
1_59441,SE Petrovitsky Rd & 122nd Pl SE,47.445351,-122.177666,E
1_50761,W Meeker St & 64th Ave S,47.381241,-122.258003,W
1_36711,S Alaska St & Martin Luther King Jr Way S,47.560734,-122.292221,E
1_36800,23rd Ave & E Cherry St,47.608314,-122.302673,N
1_57447,SE 240th St & 120th Ave SE,47.386982,-122.182312,W
1_1190,Pike St & 6th Ave,47.611034,-122.334526,E
1_13810,15th Ave W & W Armour St,47.644825,-122.376328,S
1_70832,140th Ave SE & SE 1st St,47.608601,-122.153404,N
1_82674,100th Ave NE & Simonds Rd NE,47.73098,-122.207733,N
1_27420,Yesler & Broadway,47.601757,-122.320297,W
1_34740,Seward Park Ave S & S Orcas St,47.551247,-122.262184,NW
1_72560,Avondale Rd NE & NE 104th St,47.692619,-122.092751,N
1_11590,15th Ave E & E Roy St,47.625423,-122.312492,N
1_23530,11th Ave NE & NE Ravenna Blvd,47.671329,-122.316101,NE
1_3470,Beacon Ave S & S Lander St,47.579304,-122.312096,NW
1_65432,123rd Ave SE & SE 68th Pl,47.541229,-122.176926,N
1_45920,4th Ave S & S Brandon St,47.55389,-122.329651,S
1_27290,Lake Dell Ave & E Spruce St,47.60318,-122.290161,SE
1_76030,E Riverside Dr & E Riverside Pl,47.752895,-122.193283,W
1_37200,SW Seattle St & California Ave SW,47.589397,-122.386642,W
1_62173,132nd Ave SE & SE 256th St,47.373062,-122.165306,N
1_24510,28th Ave W & W Crockett St,47.637516,-122.393127,S
1_17080,Wallingford Ave N & N 80th St,47.68705,-122.336494,S
1_51471,Ambaum Blvd SW & SW 136th St,47.480969,-122.348145,N
1_64405,Snoqualmie Pkwy & Orchard Ave SE,47.532955,-121.850784,W
1_49100,Des Moines Memorial Dr S & S 202nd St,47.421024,-122.320183,N
1_25140,35th Ave NE & NE 55th St,47.668785,-122.290298,S
1_57453,Kent Sounder Station - Bay 3,47.384529,-122.232689,N
1_2320,1st Ave & Broad St,47.617207,-122.352859,NW
1_77460,15th Ave NE & NE 180th St,47.759152,-122.31356,S
1_74152,NE 104th St & 170th Ave NE,47.692963,-122.112877,W
1_48720,1st Ave S & SW 202nd St,47.420654,-122.33535,S
1_57851,Milwaukee Blvd N & Ellingson Rd,47.271614,-122.250145,S
1_60477,Kent Kangley Rd & 124th Ave SE,47.362938,-122.175743,E
1_59086,Lea Hill Rd SE & 107th Pl SE,47.322136,-122.197762,W
1_50774,64th Ave S & W James St,47.387138,-122.253616,N
1_1510,S Jackson St & Maynard Ave S,47.599262,-122.32547,W
1_58110,Interurban Ave S & Fort Dent Way,47.466122,-122.250107,E
1_62005,SW 336th Way & SW 337th St,47.298847,-122.368912,SW
1_68130,NE 8th St & 131st Ave NE,47.617126,-122.162338,E
1_76024,E Riverside Dr & 111th Ave NE,47.753197,-122.188515,SW
1_99429,Maple Vally - Black Diamond Rd SE & SE 253rd Pl,47.374424,-122.024712,S
1_58342,15th St SW & Market St,47.295902,-122.244217,W
1_75390,N 145th St & Dayton Ave N,47.7342,-122.352821,W
1_85120,26th Ave SW & SW 110th St,47.50473,-122.365875,S
1_75770,Aurora Ave N & N 170th St,47.752029,-122.345741,S
1_79877,SE 37th St & I-90,47.57769,-122.136742,SW
1_10653,NOAA & Building 1,47.686543,-122.257362,SW
1_62333,SE 272nd St & 207th Ave SE,47.357964,-122.065422,E
1_8671,Martin L King Jr Way S & S Mcclellan St,47.578617,-122.296089,N
1_72271,NE Union Hill Rd & 178th Pl NE,47.67572,-122.100693,W
1_72312,NE 70th Pl & 116th Ave NE,47.668892,-122.184494,SE
1_78002,138th Pl NE & NE 178th Pl,47.756855,-122.155403,SW
3_31002,16th Ave SW & SW 116th St,47.49928,-122.355224,S
1_81199,C St SW & Highway 18,47.303116,-122.232407,N
1_39443,SW Thistle St & 41st Ave SW,47.528534,-122.384583,W
1_75143,Fremont Ave N & N 170th St,47.752762,-122.350868,N
1_84025,NE Woodinville Duvall Rd & West Snoqualmie Val Rd NE,47.743885,-122.008438,W
1_82425,Railroad Ave S & SE King St,47.529602,-121.825829,NW
1_9850,Sand Point Way NE & Mathews Ave NE,47.693771,-122.274055,E
1_74743,Totem Lake Blvd & NE Village Plaza,47.713329,-122.183304,NW
1_11200,Broadway  E & E Mercer St,47.624611,-122.320839,N
1_73366,148th Ave NE & NE 46th St,47.652576,-122.143089,N
1_67943,108th Ave SE & SE 10th St,47.601379,-122.196465,S
1_35110,Seward Park Ave S & S Morgan St,47.544106,-122.26429,S
1_23820,5th Ave NE & NE 120th St,47.716114,-122.323395,N
1_11011,Broadway  E & E Roy St,47.625515,-122.32122,N
1_59286,Lea Hill Rd SE & 107th Pl SE,47.321766,-122.198715,NE
1_56440,Renton Ave S & 75th Ave S,47.492943,-122.240585,S
1_8190,Rainier Ave S & S Holly St,47.542728,-122.272881,NW
1_16630,Meridian Ave N & N 159th St,47.744774,-122.334488,N
1_81254,5th Ave NE & NE 152nd St,47.738731,-122.323723,S
1_59029,Griffin Ave & Wells St,47.203983,-121.990761,SE
1_59510,SE 168th St & 126th Ave SE,47.45229,-122.173851,E
1_49552,Glendale Way S & Des Moines Memorial Dr S,47.496319,-122.310799,NW
1_80472,S 312th St & Pacific Hwy S,47.322475,-122.313187,W
1_80477,23rd Ave S & S 314th St,47.320091,-122.304214,S
1_40801,East Marginal Way S & S Lucile St,47.553684,-122.336975,NW
1_16610,Meridian Ave N & N 155th St,47.741638,-122.334389,N
1_3380,Beacon Ave S & S Columbian Way,47.559223,-122.304161,N
1_35070,Seward Park Ave S & S Orcas St,47.550846,-122.2621,SE
1_14970,SW Admiral Way & 59th Ave SW,47.576076,-122.407791,NE
1_11569,15th Ave & E Pine St,47.6157,-122.312668,N
1_40012,SW Morgan St & Lanham Pl SW,47.544727,-122.373283,W
1_49724,8th Ave S & S Monroe St,47.531319,-122.322945,S
1_72494,Marymoor Village Station - Bay 4,47.667858,-122.1073,S
1_79610,SW Sunset Blvd & Hardie Ave SW,47.479603,-122.218773,E
1_64143,76th Ave SE & SE 24th St,47.588913,-122.237579,N
1_11940,S Jackson St & 18th Ave S,47.599304,-122.309349,W
1_84810,148th Ave NE & NE 24th St,47.630783,-122.143143,S
1_5489,Greenwood Ave N & N Greenwood Dr,47.746704,-122.355782,S
1_63305,Island Crest Way & SE 54th Pl,47.553657,-122.221519,N
1_34960,S Genesee St & 46th Ave S,47.564026,-122.275436,E
1_42120,15th Ave S & S Dawson St,47.555412,-122.31356,S
1_82324,Ballinger Way NE & 25th Ave NE,47.770493,-122.303207,NW
1_24330,34th Ave W & W Emerson St,47.654255,-122.40081,N
1_10380,NE 50th St & 16th Ave NE,47.664814,-122.310432,E
1_85350,NE 132nd St & 100th Pl NE,47.718563,-122.206558,W
1_45460,Cornell Ave S & S 115th St,47.49947,-122.24157,S
1_73112,NE Redmond Way & 140th Ave NE,47.676704,-122.153839,W
1_74442,108th Ave NE & NE 38th Pl,47.64428,-122.194321,SW
1_59773,W James St & Lincoln Ave N,47.386768,-122.242538,W
1_36500,16th Ave SW & SW Orchard St,47.538403,-122.354897,N
1_71842,Avondale Rd NE & NE 128th Way,47.715038,-122.088547,N
1_52411,SW 160th St & 18th Ave SW,47.459579,-122.35704,W
1_73953,NE 85th St & 124th Ave NE,47.679371,-122.177185,W
1_81170,Milwaukee Blvd S & Ellingson Rd,47.272312,-122.249931,N
1_75190,N 145th St & Aurora Ave N,47.73407,-122.34449,E
1_67028,SE 36th St & 132nd Ave SE,47.579544,-122.160744,W
1_52306,Burien Transit Center - Bay 6,47.46941,-122.337318,SW
1_16400,NE Ravenna Blvd & NE 68th St,47.677311,-122.323807,SE
1_57197,109th Ave SE & SE 256th St,47.375301,-122.197128,N
1_80121,Air Cargo Rd & S 166th St,47.453365,-122.301361,N
1_32013,44th Ave SW & SW Alaska St - Bay 5,47.561386,-122.388039,N
1_48390,1st Ave S & SW 124th St,47.492245,-122.333885,S
1_41128,S 144th St & Pacific Hwy S,47.474186,-122.286102,E
1_74137,162nd Ave NE & NE 116th St,47.703659,-122.123253,N
1_60958,Tukwila Intl Blvd & S 141st St,47.477661,-122.28363,N
1_39470,49th Ave SW & SW Spokane St,47.572292,-122.394646,N
1_81426,124th Ave NE & NE 157th St,47.741715,-122.174973,N
1_51800,Highland Park Way SW & SW Othello St,47.536602,-122.346931,N
1_31990,California Ave SW & SW Andover St,47.568146,-122.386871,S
1_37600,NE 75th St & 41st Ave NE,47.683109,-122.283646,W
1_63580,Island Crest Way & SE 48th St,47.559765,-122.220665,S
1_10370,NE 50th St & University Way NE,47.664829,-122.31266,E
1_55340,S Avon St & 59th Ave S,47.501251,-122.26046,E
1_21945,Kent Des Moines Park And Ride,47.391796,-122.287567,SE
1_48610,1st Ave S & SW 176th St,47.445385,-122.334061,S
1_57516,SE 277th Pl & 124th Ave SE,47.352959,-122.175888,W
1_8530,S Jackson St & Boren Ave S,47.599274,-122.315155,W
1_55395,Beacon Ave S & 56th Ave S,47.498352,-122.263618,NW
1_57156,104th Ave SE & SE 248th St,47.377861,-122.202255,N
1_46720,Monroe Ave NE & NE 7th Pl,47.493008,-122.17514,S
1_25980,35th Ave NE & NE 89th St,47.69334,-122.290543,N
1_99254,SODO Busway & S Lander St,47.58046,-122.327423,N
1_61580,26th Ave SW & SW 320th St,47.314751,-122.366714,N
1_7750,Aurora Ave N & N 91st St,47.694797,-122.344421,N
1_58112,Southcenter Blvd & 65th Ave S,47.462555,-122.252281,W
1_81568,132nd Ave NE & NE 108th St,47.695541,-122.16481,S
1_21680,Airport Way S & S Horton St,47.574989,-122.321304,N
1_85962,45th Pl S & S 290th St,47.341484,-122.276497,N
1_69882,84th Ave NE & NE 136th St,47.722591,-122.229233,N
1_73089,NE 40th St & 163rd Ave NE,47.645992,-122.122467,E
1_45670,S Myrtle Pl & S Holly Park Dr,47.537521,-122.287292,W
1_60180,128th Ave SE & SE Petrovitsky Rd,47.446728,-122.16996,N
1_47410,Marine View Dr S & S 218th St,47.406975,-122.324722,N
1_58754,Auburn Way S & Noble Ct SE,47.288342,-122.183403,W
1_71164,West Lake Sammamish Pkwy NE & NE 48th St,47.653229,-122.117096,N
1_24450,28th Ave W & W Dravus St,47.648315,-122.393005,S
1_30800,15th Ave S & S Nevada St,47.565064,-122.313599,S
1_21870,Airport Way S & S Walker St,47.583591,-122.321495,S
1_40030,N Northgate Way & Stone Ave N,47.705116,-122.341866,W
1_59210,M St NE & 6th St NE,47.313789,-122.213249,N
1_76002,131st Ave NE & NE 175th St,47.755035,-122.165245,N
1_37930,NE 65th St & 37th Ave NE,47.67585,-122.28804,W
1_29650,NW Market St & 5th Ave NW,47.668751,-122.363228,W
1_99320,Renton Maple Valley Rd & 149th Ave SE,47.466019,-122.142624,E
1_70665,Central Way & 5th St,47.678638,-122.199577,W
1_66730,164th Ave NE & NE 20th St,47.627796,-122.121208,S
1_2400,W Olympic Pl & 3rd Ave W,47.626793,-122.360535,W
1_17950,View Ave NW & Loyal Ave NW,47.695312,-122.401215,N
1_57350,108th Ave SE & SE 208th St,47.414887,-122.197144,S
1_2970,E Union St & 27th Ave,47.613007,-122.297836,W
1_82187,Roosevelt Way NE & NE 103rd St,47.703381,-122.317657,N
1_27360,E Yesler Way & 21st Ave,47.601738,-122.305443,W
1_45751,East Marginal Way S & Corson Ave S,47.54036,-122.323288,NW
1_65092,Newport Way SW & W Sunset Way,47.529053,-122.039833,NW
1_48760,1st Ave S & S 213th St,47.410896,-122.334106,SE
1_63811,NE 68th St & 180th Ave NE,47.666981,-122.098885,E
1_18230,W Nickerson St & Queen Anne Ave N,47.649792,-122.357918,SE
1_48948,Pacific Hwy S & S 240th St,47.386162,-122.296715,S
1_40900,Airport Way S & S Charlestown St,47.570076,-122.322617,N
1_38220,Lake City Way NE & NE 98th St,47.700081,-122.303604,SW
1_13190,Interlaken Turnback Loop & 19th Ave E,47.632507,-122.307373,SW
1_57173,W Saar St & 5th Ave S,47.378456,-122.237701,E
1_36510,16th Ave SW & SW Holly St,47.543026,-122.354813,N
1_72050,NE Old Redmond Rd & 137th Ave NE,47.667095,-122.158295,W
1_18590,Dexter Ave N & 4th Ave N,47.645462,-122.349037,NW
1_40065,N 105th St & Fremont Ave N,47.705006,-122.34977,E
1_82432,56th Ave W & 240th St SW,47.781334,-122.308495,S
1_48741,1st Ave S & S 210th St,47.413864,-122.334991,S
1_41850,15th Ave S & S Spokane St,47.571819,-122.313316,N
1_9860,Sand Point Way NE & Inverness Dr NE,47.692837,-122.271362,E
1_49630,Des Moines Memorial Dr S & S 108th St,47.506584,-122.30394,N
1_68593,145th Pl SE & SE 16th St,47.595478,-122.149666,SE
1_72446,NE Old Redmond Rd & West Lake Sammamish Way NE,47.671257,-122.13324,N
1_41940,9th Ave & James St,47.606022,-122.325058,NW
1_53870,4th Ave SW & SW 112th St,47.503307,-122.338928,N
1_53536,S 272nd St & Military Rd S,47.357868,-122.293015,W
1_10720,Sand Point Way NE & NE 95th St,47.697235,-122.277443,NW
1_9030,Rainier Ave S & 54th Ave S,47.519813,-122.264709,
1_18840,32nd Ave NW & NW 64th St,47.675384,-122.398277,N
1_81126,Milwaukee Blvd S & Warde St,47.278286,-122.250023,S
1_39240,15th Ave NE & NE 123rd St,47.717853,-122.312523,N
1_44970,SE 128th St & 168th Ave SE,47.488041,-122.117271,W
1_58119,Southcenter Pkwy & Minkler Blvd,47.448425,-122.262581,S
1_73368,148th Ave NE & NE 61st Way,47.662441,-122.143036,N
1_11060,Broadway & E Denny Way - Bay 4,47.618538,-122.320946,S
1_60359,Talbot Rd S & S 32nd St,47.451027,-122.211533,NW
1_74400,108th Ave NE & NE 60th St,47.661415,-122.196312,S
1_58092,S 180th St & Southcenter Pkwy,47.441475,-122.26001,W
1_70010,68th Ave NE & Inglewood Rd NE,47.752197,-122.249886,N
1_76312,98th Ave NE & NE 183rd St,47.760628,-122.209579,N
1_60515,1st Way S & S 340th St,47.297142,-122.329445,NE
1_57650,29th St SE & I St SE,47.282745,-122.217583,E
1_73960,166th Ave NE & NE 83rd St,47.677155,-122.11908,N
1_81234,NE 185th St & 1st Ave NE,47.763184,-122.329231,E
1_40825,Macadam Rd S & S 152nd St,47.46653,-122.265953,NW
1_71970,NE Redmond Way & 160th Ave NE,47.674839,-122.127953,W
1_49730,8th Ave S & S Cloverdale St,47.527153,-122.322807,N
1_54201,Southcenter Blvd & 42nd Ave S,47.465733,-122.28183,E
1_43782,Martin L King Jr Way & E Cherry St,47.607601,-122.296249,NE
1_60150,SE Fairwood Blvd & 140th Ave SE,47.4557,-122.154167,E
1_43090,N 130th St & Dayton Ave N,47.723156,-122.352463,E
1_80763,Lind Ave SW & SW 39th St,47.445957,-122.223785,S
1_57854,Pacific Ave S & 1st Ave SE,47.268192,-122.239441,N
1_49350,42nd Ave S & S 152nd St,47.466984,-122.281075,N
1_32165,East Marginal Way S & 16th Ave S,47.533501,-122.312042,SE
1_17800,Meridian Ave N & N 120th St,47.716145,-122.334023,N
1_63404,Island Crest Way & SE 39th St,47.577034,-122.228302,NW
1_9605,Roosevelt Way NE & NE 45th St,47.660953,-122.317818,S
1_85906,S 294th St & S 292nd St,47.339889,-122.276962,SW
1_79229,68th Ave S & S 224th St,47.402248,-122.249481,S
1_2200,Queen Anne Ave N & W John St,47.619267,-122.35685,S
1_80124,Air Cargo Rd & S 156th St,47.463875,-122.29808,NW
1_72528,NE Cedar Park Cres & NE 100th St,47.68726,-122.019844,N
1_57804,15th St SW & O St SW,47.295601,-122.249031,E
1_40093,NE Sunset Blvd & Union Ave NE,47.503613,-122.163391,E
1_77116,NE Woodinville Duvall Rd & 228th Ave NE,47.760418,-122.03508,E
1_39983,SW Barton St & 25th Ave SW - Bay 3,47.521091,-122.365234,W
1_54971,NE 3rd St & Edmonds Ave NE,47.486195,-122.185135,E
1_21080,SW Roxbury St & 15th Ave SW - Bay 3,47.517303,-122.353569,E
1_22184,Delridge Way SW & SW Henderson St,47.523251,-122.360252,NW
1_59282,SE 320th St & 122nd Ave SE,47.315258,-122.177872,E
1_28287,N 39th St & Dayton Ave N,47.654091,-122.352684,E
1_85531,Federal Way Downtown Station - Bay 1,47.317051,-122.303543,SW
1_70529,Forbes Creek Dr & 108th Ave NE,47.695053,-122.197144,W
1_49572,SW 116th St & 1st Ave S,47.499546,-122.334229,W
1_23905,25th Ave NE & NE 65th St,47.676273,-122.300743,S
1_68160,NE 8th St & 143rd Ave NE,47.617042,-122.148941,E
1_41370,3rd Ave W & W Raye St,47.643425,-122.360786,N
1_32120,S Cloverdale St & 8th Ave S,47.526398,-122.322319,E
1_74714,Totem Lake Blvd & NE 124th St,47.709392,-122.176315,NW
1_82810,Main St & 112th Ave NE,47.610126,-122.191422,W
1_60428,Andover Park W & Strander Blvd,47.455502,-122.254272,N
1_30180,Carkeek Dr S & 40th Ave S,47.517364,-122.282356,SW
1_48670,1st Ave S & Normandy Park Dr SW,47.433166,-122.335678,S
1_70330,Market St & 20th Ave W,47.692959,-122.210121,S
1_59872,Oakesdale Ave SW & Seattle Sounders Fc Acs,47.462151,-122.232796,N
1_31970,California Ave SW & SW Spokane St,47.571793,-122.386871,S
1_80468,S 312th St & 23rd Ave S,47.322395,-122.304527,W
1_82680,100th Ave NE & Juanita Woodinville Way NE,47.721027,-122.20787,S
1_79872,SE 36th St & 132nd Ave SE,47.579369,-122.159866,E
1_18580,Dexter Ave N & 4th Ave N,47.643898,-122.345978,NW
1_58910,Auburn-Enumclaw Rd & 188th Ave SE,47.21785,-122.090324,SE
1_15540,SW Admiral Way & California Ave SW,47.581268,-122.386871,W
1_81749,Issaquah Pine Lake Rd SE & SE Issaquah-Fall City Rd,47.555473,-122.021736,NW
1_49554,Glendale Way S & 16th Ave S,47.499123,-122.312424,NW
1_71678,SE 24th St & 158th Ave SE,47.589077,-122.127998,W
1_65540,119th Ave SE & SE 47th St,47.562469,-122.180847,N
1_24290,34th Ave W & W Barrett St,47.647057,-122.400826,N
1_70691,120th Ave NE & NE 80th St,47.675766,-122.180344,N
1_59061,124th Ave SE & SE 300th Way,47.333584,-122.176201,N
1_19921,SW Avalon Way & SW Genesee St,47.564945,-122.372284,NE
1_45230,Park Ave N & N 6th St,47.491585,-122.202324,S
1_55020,Renton Ave S & S 128th St,47.487591,-122.233223,NW
1_49470,S 128th St & 24th Ave S,47.488636,-122.301659,E
1_9060,Waters Ave S & S Carver St,47.517746,-122.259682,
1_39464,55th Ave SW & SW Dakota St,47.566944,-122.402718,N
1_55150,Renton Ave S & S Bangor St,47.506912,-122.255013,NW
1_35440,NE 125th St & 30th Ave NE,47.719223,-122.297455,E
1_77580,5th Ave NE & NE 158th St,47.743668,-122.323883,S
1_9080,Waters Ave S & 61st Ave S,47.515766,-122.257126,
1_74735,NE 128th St & 116th Ave NE,47.714878,-122.186028,W
1_32439,Harbor Ave SW & Fauntleroy Ave SW,47.582436,-122.373581,SE
1_60710,Pacific Hwy S & S Dash Point Rd,47.335419,-122.31192,N
1_14280,15th Ave NW & NW 65th St,47.676861,-122.376671,N
1_59810,S Puget Dr & Benson Rd S,47.462681,-122.204758,NW
1_59936,S 21st St & Smithers Ave S,47.461086,-122.209587,W
1_82675,100th Ave NE & Simonds Rd NE,47.730339,-122.207939,S
1_42540,21st Ave SW & SW 330th St,47.305683,-122.361015,S
1_45360,Taylor Ave NW & NW 2nd St,47.484611,-122.219849,N
1_55430,51st Ave S & S Hazel St,47.504845,-122.270065,N
1_12760,E Cherry St & 24th Ave,47.60807,-122.300499,W
1_55831,Martin L King Jr Way S & S Walden St,47.57233,-122.296623,N
1_57420,104th Ave SE & SE 236th Pl,47.390205,-122.202309,S
1_60640,S 320th St & 20th Ave S,47.315197,-122.309021,W
1_50140,S 156th St & 4th Ave S,47.463215,-122.328133,E
1_22420,Marine View Dr SW & SW 110th St,47.504662,-122.380615,S
1_58079,S 212th St & 64th Ave S,47.412083,-122.253685,E
1_77100,NE Woodinville Duvall Rd & 204th Ave NE,47.754067,-122.068626,NE
1_49520,Military Rd S & S 121st Pl,47.494175,-122.299805,NW
1_79874,SE 36th St & 136th Pl SE,47.579136,-122.155251,E
1_31890,California Ave SW & SW Hanford St,47.575928,-122.386658,N
1_10210,Fairview Ave N & Mercer St,47.623562,-122.33445,S
1_60983,Tukwila Intl Blvd & Sr 99 Ramp,47.491322,-122.292084,N
1_81870,228th Ave NE & 18th Pl NE,47.625538,-122.035568,S
1_16220,Meridian Ave N & N 180th St,47.759384,-122.33503,S
1_76527,NE 181st St & 73rd Ave NE,47.759125,-122.24485,E
1_75850,Aurora Ave N & N 160th St,47.745403,-122.345253,N
1_27270,E Alder St & 35th Ave,47.60445,-122.28833,W
1_72391,NE Old Redmond Rd & 140th Ave NE,47.666031,-122.152985,E
1_82107,Ballinger Way NE & NE 175th St,47.754353,-122.277657,SE
1_50787,Reith Rd & 38th Ave S,47.370216,-122.283859,W
1_18145,Leary Ave NW & NW Vernon Pl,47.667316,-122.383018,SE
1_72330,NE 70th St & 124th Ave NE,47.668083,-122.174194,E
1_21320,Delridge Way SW & SW Barton St,47.520874,-122.3582,NW
1_74013,Willows Rd NE & NE 102nd St,47.691357,-122.150757,S
1_81684,South Sammamish P&R - Bay 1,47.582295,-122.037125,E
1_7690,Aurora Ave N & N 76th St,47.683723,-122.344322,N
1_58138,S 212th St & 72nd Ave S,47.412209,-122.244598,W
1_85220,26th Ave SW & SW 104th St,47.510445,-122.365746,N
1_72281,196th Ave NE & NE Union Hill Rd,47.675518,-122.079094,S
1_57791,A St SE & Cross St SE,47.30381,-122.228539,N
1_57846,O St SW & 15th St SW,47.295254,-122.250008,S
1_80031,Lakeside Blvd E & S 228th St,47.394177,-122.263725,SE
1_75580,NW Richmond Beach Rd & 15th Ave NW,47.770679,-122.377899,W
1_6330,Aurora Ave N & Halladay St,47.641975,-122.346672,N
1_47550,1st Ave S & SW 185th St,47.439003,-122.334679,N
1_39336,15th Ave NE & NE 160th St,47.744717,-122.313095,S
1_49755,S Holden St & 5th Ave S,47.534065,-122.328354,E
1_57448,SE 240th St & 116th Ave SE,47.386986,-122.187256,W
1_58111,Strander Blvd & Andover Park E,47.455872,-122.249619,W
1_25791,25th Ave NE & NE 47th St,47.663704,-122.300804,N
1_57940,Auburn Way N & 49th St NE,47.351532,-122.227257,NW
1_2260,Denny Way & Fairview Ave,47.618462,-122.334572,E
1_620,4th Ave S & S Jackson St,47.598812,-122.328903,N
1_85918,37th Ave S & S 302nd St,47.331409,-122.286774,S
1_32420,Alki Ave SW & 59th Ave SW,47.58012,-122.407677,NE
1_68888,SE 22nd St & 150th Ave SE,47.590927,-122.140526,W
1_16990,College Way N & N 103rd St,47.703052,-122.334106,S
1_58960,SE 436th St & 228th Ave SE,47.210117,-122.037865,E
1_22460,35th Ave SW & 37th Ave SW,47.499927,-122.376083,N
1_49930,S 128th St & Military Rd S,47.4888,-122.297867,W
1_60680,Pacific Hwy S & S 308th St,47.326515,-122.312904,N
1_77071,NE Woodinville Duvall Rd & 197th Ave NE,47.753963,-122.075394,E
1_10912,15th Ave NE & NE 43rd St,47.65937,-122.312096,S
1_73092,NE 40th St & NE Bel-Red Rd,47.646015,-122.114677,E
1_71960,Redmond Transit Center - Bay 5,47.676891,-122.124428,S
1_59070,112th Ave SE & SE 320th St,47.31564,-122.192299,N
1_16140,Meridian Ave N & N 203rd St,47.775646,-122.335358,S
1_64559,NW Gilman Blvd & 4th Ave NW,47.541767,-122.043533,E
1_81982,Van Ry Blvd & Mountlake Terrace Station,47.781254,-122.315254,SE
1_80966,M St SE & 33rd St SE,47.278812,-122.21328,N
1_49810,Des Moines Memorial Dr S & S 108th St,47.506302,-122.304062,S
1_58230,Auburn Way N & 85th Ave S,47.350834,-122.22673,SE
1_83787,SW 320th St & 13th Ave SW,47.315239,-122.352081,W
1_74124,162nd Ave NE & NE 112th St,47.700336,-122.123405,S
1_10640,Sand Point Way NE & NE 74th St,47.681759,-122.263565,N
1_80450,S 312th St & 20th Ave S,47.322277,-122.30751,E
1_52081,15th Ave SW & SW 107th St,47.507729,-122.353859,S
1_12430,E Madison St & 38th Ave E,47.631443,-122.284302,NE
1_25210,Montlake Blvd NE & NE 45th St,47.661049,-122.298904,W
1_8403,Mount Baker Transit Center - Bay 3,47.577686,-122.297073,W
1_60605,1st Way S & S 333rd St,47.302013,-122.331139,SE
1_41900,12th Ave S & S Jackson St,47.599438,-122.317108,N
1_3000,E Union St & 20th Ave,47.61298,-122.306168,W
1_58144,Central Ave N & E James St,47.386089,-122.231201,S
1_73380,148th Ave NE & NE 66th St,47.665489,-122.142967,N
1_64670,SE Newport Way & 151st Ave SE,47.57148,-122.140076,W
1_69630,84th Ave NE & NE 155th St,47.740303,-122.229027,S
1_80004,S 233rd St & Lakeside Blvd E,47.393578,-122.263779,NE
1_57149,101st Ave SE & SE 260th St,47.36908,-122.205902,S
1_68400,156th Ave NE & NE 20th St,47.627575,-122.132477,S
1_47890,4th Ave SW & SW 110th St,47.504784,-122.338982,N
1_18220,W Nickerson St & 3rd Ave W,47.65068,-122.36055,E
1_46080,Swift Ave S & S Willow St,47.540649,-122.30162,SE
1_85200,26th Ave SW & SW 110th St,47.504894,-122.365677,N
1_59947,Talbot Rd S & S 36th St,47.446781,-122.211105,S
1_37840,55th Ave NE & NE 68th St,47.67738,-122.269012,S
1_18550,Dexter Ave N & Wheeler St,47.641213,-122.344543,N
1_71838,Avondale Rd NE & NE 140th Pl,47.726589,-122.084297,N
1_41138,Military Rd S & S 130th Pl,47.486629,-122.296303,N
1_99297,Maple Vally - Black Diamond Rd SE & SE 244th St,47.383076,-122.031708,NW
1_47404,S 216th St & 20th Ave S,47.408405,-122.308365,W
1_79234,68th Ave S & S 228th St,47.398148,-122.249245,N
1_74002,NE 124th St & 134th Ct NE,47.711395,-122.163094,E
1_11600,15th Ave E & E Aloha St,47.627098,-122.312469,N
1_39476,49th Ave SW & SW Hanford St,47.575577,-122.39473,SW
1_39500,SW Charlestown St & 53rd Ave SW,47.570427,-122.400436,W
1_76310,Bothell Way NE & NE 180th St,47.757778,-122.211487,SW
